"","Year","Month","Stock_lag_MV","Stock_Ew_Ret","Stock_Vw_Ret"
"1",1926,1,26903952.5625,0.0234050475206612,0.000247180482040281
"2",1926,2,27032345.25,-0.053836537525355,-0.0338886685668784
"3",1926,3,26162083.6875,-0.09720597,-0.0649033247948447
"4",1926,4,24506934.1875,0.0315465407554672,0.0366096401637987
"5",1926,5,25296194.5625,0.000904484251968505,0.0123035418861394
"6",1926,6,25587309.25,0.0498888332149314,0.0544026009199517
"7",1926,7,25587309.25,0.012696212723658,0.031226039589796
"8",1926,8,26937267.125,0.0304644691119691,0.0288715079341538
"9",1926,9,28424773.75,-0.00663076356589148,0.00582063259928636
"10",1926,10,28308141.5625,-0.0344609652509653,-0.0291681458167859
"11",1926,11,27501095.375,0.0246087413793103,0.0278439134195809
"12",1926,12,28281302.625,0.0242193752380952,0.0293355290219524
"13",1927,1,29615346.5625,0.0119328311195446,0.00188801672250488
"14",1927,2,29783695.3125,0.0573287514124294,0.0444647149351987
"15",1927,3,31217836.9375,-0.0191877132075472,0.00424405200336846
"16",1927,4,31199380.1875,0.00752254104477612,0.00727859269490888
"17",1927,5,31452864.5625,0.0629864179104478,0.0574646786465502
"18",1927,6,33469629.1875,-0.0179796043956044,-0.0207879846873836
"19",1927,7,32783069.4375,0.0583997996323529,0.0751438627567991
"20",1927,8,35015154,0.00711617122040073,0.0233237183964404
"21",1927,9,35793629.8125,0.0319705333333333,0.0505725872821007
"22",1927,10,39052717.1875,-0.0385864982269504,-0.0403569108372304
"23",1927,11,37295541.0625,0.0975794902998236,0.0676176947771608
"24",1927,12,39512042.0625,0.0308005578947368,0.0245305144891637
"25",1928,1,40899814.0625,0.0320120783972125,-0.0039688547688033
"26",1928,2,40131604.75,-0.0221225993031359,-0.0134862611957973
"27",1928,3,39404019.625,0.0730016311188811,0.0906565932236719
"28",1928,4,42920254,0.0871275218914186,0.0443032276001458
"29",1928,5,44712654.5,0.044395,0.0184480839729583
"30",1928,6,45655523.4375,-0.0701875026269702,-0.0451178521499415
"31",1928,7,43615929.9375,0.00106032068965517,0.00898234810147746
"32",1928,8,44218221.25,0.0577908905982906,0.0695077684193634
"33",1928,9,47406648.8125,0.0501485119047619,0.0313788158999379
"34",1928,10,49010121.4375,0.0170319577702703,0.0172214509513751
"35",1928,11,50023732.1875,0.116075212730318,0.121577336060377
"36",1928,12,56214138,-0.00471539534883721,0.00432444915568101
"37",1929,1,58301298.25,0.0335982549342105,0.0501671347866266
"38",1929,2,61869494.3125,0.00621890016366612,0.000204349210341354
"39",1929,3,61098821.375,-0.03295078802589,-0.00512988248839166
"40",1929,4,61219707.875,0.0152429840764331,0.0178933509282369
"41",1929,5,63655318.25,-0.0912417045813586,-0.0591296973868396
"42",1929,6,60690745.125,0.0742520385208012,0.102244459897125
"43",1929,7,66689186.75,0.0202337484756098,0.0456432665890859
"44",1929,8,69819106.1875,0.0274624636363636,0.0873901460440858
"45",1929,9,77225860.5625,-0.0442429926253687,-0.050599093914891
"46",1929,10,74380039.625,-0.210855236802413,-0.195253236766145
"47",1929,11,60498277,-0.129299089414854,-0.124703502116707
"48",1929,12,52780124.125,-0.0261467384393064,0.0170548140291676
"49",1930,1,55151945.6875,0.104965893768761,0.0553752345896155
"50",1930,2,58958882.375,0.0355072589413448,0.0279766287039069
"51",1930,3,60384498.1875,0.104697387234043,0.0744213744618012
"52",1930,4,65130697.875,-0.0432495768688293,-0.018507739909342
"53",1930,5,63976755.375,-0.038491810320781,-0.0142031312292696
"54",1930,6,63577514.625,-0.189402957020057,-0.158606751162912
"55",1930,7,53092836.375,0.0348119353932584,0.0429221719984481
"56",1930,8,56528383.8125,-0.0183672338028169,0.00389510099837182
"57",1930,9,56900210.3125,-0.152035408277877,-0.124170313503101
"58",1930,10,49122272.875,-0.0976800352112676,-0.088209100462744
"59",1930,11,45197220.8125,-0.0246417546099291,-0.0297838711440473
"60",1930,12,43944824.125,-0.14018702538787,-0.0770162966875927
"61",1931,1,40665042.6875,0.141622032577904,0.0635305450331917
"62",1931,2,43210817.4375,0.15480937026648,0.10887788575739
"63",1931,3,47779922.25,-0.0636866831683168,-0.0625310552121117
"64",1931,4,44425506.125,-0.151898765625,-0.0990368874405945
"65",1931,5,39951292.5,-0.141001,-0.132742003976879
"66",1931,6,34652887.5,0.180700541725601,0.139536299200786
"67",1931,7,39240679.625,-0.0681171875881523,-0.0654753105218458
"68",1931,8,36559788.5,-0.0187752037037037,0.00424640950970062
"69",1931,9,36420867,-0.310276276353276,-0.286261203675757
"70",1931,10,25272456.125,0.100210017118402,0.0802695758203009
"71",1931,11,27250933.375,-0.0915468854314003,-0.0898085296137881
"72",1931,12,24655875.5625,-0.185131342857143,-0.133990669173012
"73",1932,1,21180783.375,0.0819240240452617,-0.0135604274645351
"74",1932,2,20924459.625,0.0202332368794326,0.0567834387871827
"75",1932,3,21927657.3125,-0.119978999359787,-0.109781813152851
"76",1932,4,19422130.375,-0.180624239477504,-0.177920864693037
"77",1932,5,15843996.125,-0.206440572463768,-0.204054571760083
"78",1932,6,12456989.875,0.0374429664233577,-0.00719555490950677
"79",1932,7,12141674.1875,0.43161955907781,0.338653004068264
"80",1932,8,16218797.8125,0.668616973950796,0.370808052249476
"81",1932,9,22171199.25,-0.055691005788712,-0.0287981147817902
"82",1932,10,21393217.5625,-0.165342382608696,-0.131336945713145
"83",1932,11,18516200.6875,-0.0760297093023256,-0.0584290676973655
"84",1932,12,17308702.1875,-0.0385255781021898,0.0440919150882006
"85",1933,1,17916415,0.0370403619186047,0.0132100625545181
"86",1933,2,18159812.875,-0.155007576642336,-0.152640841713546
"87",1933,3,15290756,0.102101182621502,0.0329526064204559
"88",1933,4,15497910.25,0.514985354933726,0.391945353809154
"89",1933,5,21646083.3125,0.614246948604993,0.214667922147094
"90",1933,6,26236063.6875,0.228007565088757,0.131221525226302
"91",1933,7,29578986.5625,-0.0919497584683358,-0.0960310230417165
"92",1933,8,26755429.3125,0.113197732937685,0.120440791723578
"93",1933,9,29947464.3125,-0.150412138643068,-0.105980073356604
"94",1933,10,26556626.25,-0.107477920937042,-0.0827525810964749
"95",1933,11,24337124.9375,0.0649789193548387,0.0994120112708548
"96",1933,12,26724623.6875,0.0181305626822157,0.0184616492534399
"97",1934,1,27101031.5,0.318025430858806,0.126434013093316
"98",1934,2,30474744.9375,0.0119959069767442,-0.0246590294841865
"99",1934,3,29668552.1875,0.0067592598540146,0.00112948857094327
"100",1934,4,29518294.625,0.00219085050798258,-0.0176621345532843
"101",1934,5,29037363.6875,-0.107807450581395,-0.0724585389029736
"102",1934,6,26839795.25,0.00262797525473072,0.02643108361312
"103",1934,7,27403302.5625,-0.187232209370425,-0.109235434886424
"104",1934,8,24304152.5625,0.0959929912663755,0.0556211646602147
"105",1934,9,26020800.875,-0.00995308260869565,-0.00208972222987405
"106",1934,10,25746024.8125,-0.0183196341107872,-0.0169820789339057
"107",1934,11,25426475.625,0.130529501457726,0.0834038954782598
"108",1934,12,27471503.875,0.0147720406386067,0.00366008693876066
"109",1935,1,27430006.25,-0.0311813469387755,-0.034370485050687
"110",1935,2,26411783.5,-0.05601935,-0.0191841138798552
"111",1935,3,25659043.5625,-0.0746537282127031,-0.0365753438836176
"112",1935,4,24443974.625,0.101260379562044,0.0911825780890525
"113",1935,5,26936188.75,0.0242937540263543,0.0347814325982921
"114",1935,6,27787793.875,0.0410004163027656,0.0593745897019533
"115",1935,7,29309745.375,0.11127388774003,0.0746865376228869
"116",1935,8,31398702.125,0.082111099270073,0.0266041153999753
"117",1935,9,32210581.03498,0.0243255065693431,0.0263800190276146
"118",1935,10,32926389.5,0.0844835938864629,0.0703803377729947
"119",1935,11,35174294.0625,0.146718672011662,0.0489993365457876
"120",1935,12,36745610.75,0.0603097829232996,0.0456945436342662
"121",1936,1,38465574,0.150922647482014,0.0689469377366954
"122",1936,2,41057432.3125,0.0451863213773314,0.0250783156976194
"123",1936,3,42072157.25,0.00882848345323741,0.0101877290443115
"124",1936,4,42170304.4375,-0.122485920454545,-0.0819694700010463
"125",1936,5,39198947.6875,0.0513506129943503,0.0520686860917183
"126",1936,6,41085238.125,-0.00032664265536723,0.0242997441291554
"127",1936,7,42043986.1875,0.0812512106741573,0.0668420020646557
"128",1936,8,44816549.875,0.0214728790436006,0.0100810558992243
"129",1936,9,45077852.3125,0.0348898759816061,0.0101651231798385
"130",1936,10,45439882,0.0663243642756681,0.0724970800303412
"131",1936,11,48685277.625,0.0924805286713287,0.0328322071527738
"132",1936,12,49948025.375,0.0272143107931236,0.00213843309246566
"133",1937,1,50137623.9375,0.0758576717451524,0.0335218587407238
"134",1937,2,51791172.1875,0.0240470934065934,0.0110408708664233
"135",1937,3,52333432.125,0.000703487039563439,-0.00246626248950151
"136",1937,4,52305094.5625,-0.100077117006803,-0.0731635834281468
"137",1937,5,48511219.6875,-0.0245142743243243,-0.00769094123206502
"138",1937,6,47926671.8125,-0.0772048202702703,-0.0418173802840098
"139",1937,7,45906356.25,0.0995220240963855,0.0894300698447044
"140",1937,8,49888493.75,-0.0527425478723404,-0.0483285687018147
"141",1937,9,47379058.75,-0.193640957839262,-0.135827681306418
"142",1937,10,40808249.4375,-0.101321538764783,-0.0959247315919934
"143",1937,11,36950584.5,-0.109440455497382,-0.0828949146060516
"144",1937,12,33429564.6875,-0.100927047556143,-0.0422100255766829
"145",1938,1,31687917.9375,0.0421098584534731,0.00466945246618796
"146",1938,2,32076420.625,0.0611861897905759,0.058354371747643
"147",1938,3,33780828.5625,-0.285355572178478,-0.237852050327435
"148",1938,4,25575289.125,0.203162023498695,0.144329638521276
"149",1938,5,29265512.5625,-0.0698124127604167,-0.0375777176601814
"150",1938,6,28086468.4375,0.30725876953125,0.238240606158933
"151",1938,7,34566083.5,0.122901416993464,0.0732935934553512
"152",1938,8,37058056.5,-0.0630415183727034,-0.0266592915432479
"153",1938,9,35951251.1875,-0.0149942424639581,0.00828855142191947
"154",1938,10,36104450.0625,0.144322906578947,0.0778513687658166
"155",1938,11,38868737,-0.0367257931488801,-0.0178586632709692
"156",1938,12,37981939.25,0.0336447063492063,0.0419224068031838
"157",1939,1,39258873.75,-0.0753242704485488,-0.059410984333264
"158",1939,2,36786574.3125,0.0413996622691293,0.034972956661288
"159",1939,3,38051190.8125,-0.172948131752306,-0.119890035216767
"160",1939,4,33330975.5,0.00135195640686922,-0.00197428392241459
"161",1939,5,33224714.8125,0.0845819855263158,0.0681333937090716
"162",1939,6,35382961.875,-0.083505094305254,-0.0529853090983911
"163",1939,7,33356168.1875,0.135510465544001,0.102160318401974
"164",1939,8,36669918.4375,-0.106087368906456,-0.0667252555669715
"165",1939,9,34008702.1875,0.396846854689564,0.168863452426471
"166",1939,10,39614111.1875,-0.00701991413474241,-0.0052595321352731
"167",1939,11,39365692.625,-0.0810914366754617,-0.0362042354855989
"168",1939,12,37618551.25,0.0174442279314888,0.0303036060806622
"169",1940,1,38546372.5625,-0.0199620341655716,-0.024103372363366
"170",1940,2,37680115.0625,0.0302519869281046,0.014438958625813
"171",1940,3,38047270.375,0.0270802310704961,0.0204565630920385
"172",1940,4,38702589.375,0.0138701796875,0.00216345491983473
"173",1940,5,38729250.78125,-0.268940066666667,-0.219622191284106
"174",1940,6,30019791.96875,0.0661777604166667,0.0667304266643741
"175",1940,7,31867069.46875,0.0371761105331599,0.0317408841751866
"176",1940,8,32833279.28125,0.0217455864759428,0.0218586543476067
"177",1940,9,33327290.90625,0.0377294922077922,0.0239464022551169
"178",1940,10,34002186.4375,0.0482123363636364,0.0302359698339546
"179",1940,11,34975329.34375,-0.00187458732212161,-0.0160980456292147
"180",1940,12,34096799.3125,-0.0182260064683053,0.00694245428199822
"181",1941,1,34190435.98728,-0.00694949095607235,-0.0417744119476298
"182",1941,2,32745931.9731,-0.0196988796895213,-0.0143751364657664
"183",1941,3,32074849.15094,0.0145760630630631,0.00856402976649222
"184",1941,4,32176834.03125,-0.0573300475578406,-0.0546227570802862
"185",1941,5,30368047.80473,0.00957970769230769,0.0138950429200335
"186",1941,6,30554591.53047,0.066650917843389,0.0583423241218873
"187",1941,7,32128863.43177,0.129792595115681,0.0589587519444165
"188",1941,8,33984602.29978,-0.00709760077021823,-0.00168066973919026
"189",1941,9,33746936.2093,-0.0203317282051282,-0.00864418588201117
"190",1941,10,33303150.21875,-0.0625657650063857,-0.0524787819535378
"191",1941,11,31511533.19122,-0.0346860064020487,-0.0192100258583441
"192",1941,12,30498279.138,-0.0822279002557545,-0.0486485326476932
"193",1942,1,28845167.71875,0.134096920817369,0.00810507697797514
"194",1942,2,29026515.27388,-0.0174430204081633,-0.0244842470210075
"195",1942,3,28137020.16817,-0.0520603933588761,-0.0656641180750153
"196",1942,4,26112151.02021,-0.0465557910828025,-0.0436993366191871
"197",1942,5,24927333.16029,0.0284428504435995,0.0596977101621493
"198",1942,6,26229982.25422,0.0251640647208122,0.0271881752459016
"199",1942,7,26743015.04003,0.0458516882951654,0.0353349812087278
"200",1942,8,27615809.66131,0.0284506734434562,0.0182469150036525
"201",1942,9,27956325.56027,0.0480028770595691,0.0263742735903796
"202",1942,10,28524446.43065,0.100324716645489,0.0684534367408966
"203",1942,11,30410358.49274,-0.0149141334180432,0.00178044186110431
"204",1942,12,30156632.84375,0.035095596178344,0.0514721714213181
"205",1943,1,31457964.75,0.168592786531131,0.0715966603229951
"206",1943,2,33675546,0.132375703939009,0.0617260158853855
"207",1943,3,35607786.125,0.111220983502538,0.0604463215734787
"208",1943,4,37567752.9375,0.0354434815756035,0.00842869813446571
"209",1943,5,37820246.5665,0.0851579783715013,0.0575863949696463
"210",1943,6,39797202.8125,0.0118996738853503,0.0186667672027566
"211",1943,7,40336962.0625,-0.0642374440203562,-0.0474527348605814
"212",1943,8,38815032.875,0.00338931091370558,0.0134685712297671
"213",1943,9,39223630.0625,0.0350112313527181,0.0242410469434287
"214",1943,10,39978316.53525,-0.00342500883838384,-0.0111731639192653
"215",1943,11,39597494.254,-0.0877988113207547,-0.0587272280503239
"216",1943,12,36971054.73765,0.0987322113207547,0.0636559086176076
"217",1944,1,38936154.15625,0.0461243786163522,0.0180221942761662
"218",1944,2,39792118.6875,0.0136552481203007,0.00398495053135514
"219",1944,3,39768600.7064,0.0413873508114856,0.0249147720765979
"220",1944,4,40559293.09375,-0.029101349127182,-0.0165904803096794
"221",1944,5,39847837.625,0.0658309138576779,0.0508091277854205
"222",1944,6,41602144.48728,0.104763436408978,0.0553278246656981
"223",1944,7,43717354.90625,-0.0123073620474407,-0.0145836826237151
"224",1944,8,43072140.75,0.030656250931677,0.0159634962850209
"225",1944,9,43567535.1875,0.000149170846741933,0.000322405511378706
"226",1944,10,43449112.1875,0.000294203473945405,0.00188034735957168
"227",1944,11,43476466.1875,0.0235031079404466,0.0174141869062009
"228",1944,12,43847554.53125,0.0689595848822801,0.0405093081497116
"229",1945,1,45891149.25,0.044105513546798,0.0205060681370229
"230",1945,2,46885672.3125,0.0852879471744472,0.0624868391682096
"231",1945,3,49609974.6875,-0.0564260159901599,-0.0386884657499403
"232",1945,4,47504674.25,0.0884106303549572,0.0781056063269049
"233",1945,5,51192427.375,0.0300553936430318,0.0177315081242199
"234",1945,6,52024599.625,0.0367023754556501,0.00412418093215861
"235",1945,7,52080792,-0.0343379296969697,-0.0213916022409819
"236",1945,8,50942657.625,0.0663402496969697,0.0623097651393843
"237",1945,9,53915950.75,0.0626395229468599,0.0479372475202113
"238",1945,10,56329670.9375,0.0649207693236715,0.039253212637299
"239",1945,11,58551848.0625,0.0965139638118215,0.0540953875109526
"240",1945,12,61393085.8125,0.0240395982275633,0.0122593538944368
"241",1946,1,62872310.375,0.0942085675029869,0.0627306805484079
"242",1946,2,67168405.6875,-0.0662203748517201,-0.0579693549161089
"243",1946,3,63133127,0.0582616319526627,0.0590058153396314
"244",1946,4,66781050,0.0525042388235294,0.0425568066308313
"245",1946,5,69677217.75,0.0548854032825322,0.0396282772700344
"246",1946,6,72520516,-0.0486171651162791,-0.0385828155825277
"247",1946,7,69564917.6875,-0.0410956658932715,-0.0265993018429127
"248",1946,8,68013058.6875,-0.07520796326062,-0.0641158240684641
"249",1946,9,63483220.4375,-0.13531152739726,-0.101312282610038
"250",1946,10,56887226.5625,-0.0119879465301479,-0.0141678678914917
"251",1946,11,56016749.1875,-0.00287404318181818,0.000143643668002615
"252",1946,12,55662224.9375,0.0466548519774011,0.0498814547030446
"253",1947,1,58446845.9375,0.029863095505618,0.0127731559162386
"254",1947,2,59255154,-0.00701557718120805,-0.0105055763151253
"255",1947,3,58294732.5,-0.0306621498881432,-0.0163815384241825
"256",1947,4,57258089.3125,-0.0820420878754171,-0.0476951062081418
"257",1947,5,54485143.0625,-0.0378080523385301,-0.00946741890886037
"258",1947,6,53646888.9375,0.0569839276974416,0.0531694266349704
"259",1947,7,56400118.125,0.0622551838316722,0.0416110618446455
"260",1947,8,58744491.6875,-0.0172440771775083,-0.0171437719985038
"261",1947,9,57644373,0.00565989047097481,-0.00470069683259215
"262",1947,10,57195725.4375,0.0339578232711306,0.0253799516199914
"263",1947,11,58533885.25,-0.0295501498905908,-0.0190670219107028
"264",1947,12,57022086.6875,0.023242443960827,0.0307710729019829
"265",1948,1,58780483.8125,-0.0165619848320693,-0.0385448645953781
"266",1948,2,56612638.4375,-0.0592623991370011,-0.0429820128136671
"267",1948,3,53801986.25,0.0945501913978495,0.0814735319889815
"268",1948,4,57921434.8125,0.0396426663090129,0.0372480911615474
"269",1948,5,60096154.8125,0.0877387873931624,0.0739081323120657
"270",1948,6,64216384.625,-0.0123797211538462,-3.90135902095691e-05
"271",1948,7,63912898.3125,-0.0531852204472843,-0.0499326610822475
"272",1948,8,60658588.1875,-0.00228443630573249,0.00332498504092697
"273",1948,9,60494693.0625,-0.0425765737009544,-0.0293075255585832
"274",1948,10,58445605.875,0.0531049343220339,0.0600121557117328
"275",1948,11,61786084.25,-0.106402942857143,-0.0926241858419157
"276",1948,12,55456182.8125,0.0130290137420719,0.0330175413149283
"277",1949,1,57108092,0.0181912101372756,0.00326431182784438
"278",1949,2,57286909.875,-0.0411667642105263,-0.0283677982955199
"279",1949,3,55403732.625,0.059256320754717,0.0413318429962089
"280",1949,4,57399738,-0.0315534728033473,-0.0177266768171758
"281",1949,5,56330133.625,-0.043211669447341,-0.0285192284485094
"282",1949,6,54424730.1875,-0.00806037291666667,0.00190727747081172
"283",1949,7,54166153.0625,0.062399765625,0.0562099533398214
"284",1949,8,57260711.1875,0.0254789116424116,0.0269607153743514
"285",1949,9,58400595.6875,0.043433917184265,0.0318177223406238
"286",1949,10,60300326.375,0.0393046305469556,0.0323156042877678
"287",1949,11,62114686.6875,0.00984698249227601,0.0191100461020628
"288",1949,12,62566243.625,0.070640956358621,0.0521025708338788
"289",1950,1,65976752.0625,0.0400065196280992,0.0179667921568117
"290",1950,2,67231586.75,0.0165454541709578,0.0156437181118814
"291",1950,3,67878406.5,-0.0017283501026694,0.0135947642852256
"292",1950,4,68780087.6875,0.0473579415983607,0.0402731791017871
"293",1950,5,71446432.5625,0.0335106741803279,0.0441046501354086
"294",1950,6,74213025.3125,-0.075712121801433,-0.0583630554290139
"295",1950,7,69538311.875,0.0506105342185904,0.0146091744296667
"296",1950,8,70559750.75,0.051635607106599,0.0495188946586176
"297",1950,9,73399047.9375,0.0545826467611336,0.0490586080187295
"298",1950,10,76777488.0625,-0.00507012108980827,-0.000618254475711962
"299",1950,11,76713828.25,0.0319589979859013,0.028630278142211
"300",1950,12,77632850.3125,0.0844317854208517,0.0565112262935894
"301",1951,1,82757178.8125,0.0757961280241935,0.0582403367228804
"302",1951,2,87583055.5,0.011763861167002,0.0151458793848243
"303",1951,3,88508800.3125,-0.0337445953815261,-0.0204514020338619
"304",1951,4,86701830.75,0.0403154304304304,0.0499456296548264
"305",1951,5,91010897.5625,-0.0248967954091816,-0.0221899221648677
"306",1951,6,88431762.125,-0.0451973874501992,-0.0250565067628681
"307",1951,7,86285949.5625,0.0629930338661471,0.0707897119005966
"308",1951,8,92293274.75,0.0469605061886348,0.0440443887189589
"309",1951,9,95583029.5,0.0228797701492537,0.00821431836480057
"310",1951,10,96015959.6875,-0.0241051441307197,-0.0237348269835459
"311",1951,11,93575391.875,0.00740897011952191,0.00673951990373911
"312",1951,12,93511341.25,0.0151221476709613,0.0345231952491431
"313",1952,1,98118452.1875,0.0171459109792285,0.0160362059363738
"314",1952,2,99667719.95401,-0.0206136814595661,-0.0251029579473955
"315",1952,3,96483058.03125,0.0284047759131293,0.0454546068620279
"316",1952,4,100749228.25,-0.0449545863770977,-0.0485136541241167
"317",1952,5,95754728.125,0.0246222226600985,0.0332585876397963
"318",1952,6,98321991,0.0307647938856016,0.0397778044209376
"319",1952,7,101947426.875,0.010307281496063,0.0105822374491943
"320",1952,8,102946461.125,0.000479903732809428,-0.00616351883413935
"321",1952,9,101537668.9375,-0.0150112622789784,-0.0187127009994511
"322",1952,10,99489540,-0.0116601088817483,-0.00523637613636824
"323",1952,11,98712928.875,0.0558129987804878,0.0604428652116917
"324",1952,12,103778592.125,0.0227107082926829,0.0309154821726522
"325",1953,1,108491639.3125,0.0247122009120478,-0.00177505309024359
"326",1953,2,108240862.375,0.0123206871498341,-0.00134010402288124
"327",1953,3,107380015.8125,-0.0102992668621701,-0.0124399249422512
"328",1953,4,105594365.5,-0.0234458086454439,-0.026646702448759
"329",1953,5,102833268.25,0.00594577962781586,0.00691818148548378
"330",1953,6,103004802.25,-0.0318407365853659,-0.017065893671009
"331",1953,7,100893660.625,0.0174988467045224,0.0254477092178618
"332",1953,8,103312428,-0.0516258556097561,-0.0434814932429923
"333",1953,9,98069263.3125,-0.0108415675146771,0.00366803454868857
"334",1953,10,98031600.0625,0.0375439843597263,0.0472077334788431
"335",1953,11,102410635.1875,0.0214628884540117,0.0290131873358773
"336",1953,12,104570788.5625,-0.0149830886939571,0.00154367255392702
"337",1954,1,106091582.625,0.0713252604878049,0.0524124227460789
"338",1954,2,111557944.5,0.0135712962962963,0.0173916058786996
"339",1954,3,112701868.5625,0.0284568107317073,0.0373219344096079
"340",1954,4,116449926.375,0.0163565978476943,0.0436290908587004
"341",1954,5,121567377.125,0.0429659033203125,0.031409287422831
"342",1954,6,124572562.375,0.0125311647173489,0.011328289951604
"343",1954,7,125588052,0.0719427212475634,0.0504386648608644
"344",1954,8,131807328.75,-0.00926063972736125,-0.0228808721809394
"345",1954,9,127822892.5625,0.0440509330082928,0.0647893041222583
"346",1954,10,135768626.625,-0.00703750438169426,-0.0160312933467663
"347",1954,11,133357972.1875,0.091363746835443,0.0944157033026107
"348",1954,12,144628012.375,0.088102201754386,0.0556288829078948
"349",1955,1,156481580.3125,0.0142672647914646,0.00681657299634685
"350",1955,2,157341423.3125,0.0426311140373983,0.0310039140562975
"351",1955,3,161717775.6875,0.000873133820365047,-0.000568933106004531
"352",1955,4,161052598.4375,0.0232596533980583,0.0321272902979672
"353",1955,5,166156992.375,0.00679938326848249,0.0107035244652582
"354",1955,6,166818753.8125,0.0343899578474447,0.066491988717944
"355",1955,7,177740157.9375,0.00798812132362815,0.01990835073948
"356",1955,8,181153440.8125,0.00524421823472357,0.0036517041230735
"357",1955,9,181038579.1875,-0.00812804398772763,-0.00203659795494174
"358",1955,10,180075604.875,-0.0171889300291545,-0.0248896266677271
"359",1955,11,175124542,0.0555278921281783,0.0721714619160671
"360",1955,12,186524727.5,0.022489251657896,0.0166735797109411
"361",1956,1,193190048.375,-0.0205621980582524,-0.0280995861005213
"362",1956,2,187547960.75,0.0331025242718447,0.0396232301640552
"363",1956,3,194140532.75,0.0513829476236663,0.0678802791554778
"364",1956,4,207597047.875,0.00394498402914894,0.00465781911927347
"365",1956,5,208379854.3125,-0.0399911136459139,-0.0497322526019749
"366",1956,6,196965516.0625,0.021576544260553,0.0367334010489661
"367",1956,7,203469388.5,0.0396010825242718,0.0505189973643314
"368",1956,8,213571234,-0.0180662908560311,-0.0300577918346169
"369",1956,9,205911440.875,-0.035896109922179,-0.0495274297595762
"370",1956,10,195942486.8125,0.00704176915615907,0.00762582960196137
"371",1956,11,196866532.25,0.00566702815533981,0.00566328475129945
"372",1956,12,196529821.375,0.0228455046079029,0.0339881252544157
"373",1957,1,206757116.75,0.00271244357976654,-0.0330671422900462
"374",1957,2,199869202.9375,-0.0228559068865179,-0.0182532966340296
"375",1957,3,195558232.9375,0.0223074306086957,0.0235718529752075
"376",1957,4,199780714.8125,0.0259688291253237,0.045076685423141
"377",1957,5,208950887.9375,0.0216018156370656,0.0370502366084377
"378",1957,6,216170074.625,-0.0073533375,-0.00503680476804341
"379",1957,7,214599537.75,0.00566196564008645,0.00956396116744182
"380",1957,8,216855212.75,-0.0495644239442096,-0.0485984228584294
"381",1957,9,205405858.5625,-0.0526316804287252,-0.0572202573614263
"382",1957,10,193059965.9375,-0.0650793550239234,-0.0402576433299022
"383",1957,11,185191017.125,0.0209301527293053,0.0257431193198466
"384",1957,12,189207911.5,-0.0483982586028531,-0.0365333045195951
"385",1958,1,184408799.375,0.106981692160612,0.0492827490085958
"386",1958,2,192832848.0625,-0.0112939752740096,-0.0139826162599381
"387",1958,3,188857371.75,0.0357346961538462,0.0336454723166791
"388",1958,4,195220264.1875,0.0304203773426539,0.031682706470887
"389",1958,5,201326113.25,0.0394550440191388,0.0242057714139614
"390",1958,6,204989851.4375,0.032309236780558,0.0295563725811932
"391",1958,7,210325986.4375,0.0542642593659942,0.0445296671542979
"392",1958,8,219090927.25,0.0303005,0.0194797803092109
"393",1958,9,222190277.5,0.0523427615265684,0.0484749273516111
"394",1958,10,232195097.75,0.0325512615830116,0.0271042259723238
"395",1958,11,238082889.375,0.0426720876685934,0.0311559361994973
"396",1958,12,244715334.625,0.0389287849566056,0.0536704212026957
"397",1959,1,263460049.875,0.0420523349459596,0.00918274320332243
"398",1959,2,266351456.125,0.0288174763741562,0.011353086000724
"399",1959,3,268201760.0625,0.0120647138618141,0.00496611284446454
"400",1959,4,268718410.4375,0.0266236073500967,0.0385588951077407
"401",1959,5,279109147,0.00732693666026871,0.0194779227152347
"402",1959,6,283802037.4375,0.00447945829338447,-1.69692985841299e-05
"403",1959,7,283287008.75,0.0304577609942639,0.0341797626498567
"404",1959,8,292751966.3125,-0.0148309752616556,-0.0119956266406297
"405",1959,9,288068823.75,-0.045225247148289,-0.0449554785359333
"406",1959,10,274576371.5,0.022076726235866,0.0158078088580355
"407",1959,11,278801155.5625,0.0153943931271816,0.018541098479806
"408",1959,12,282696277.8125,0.0213628449905482,0.0278768406920542
"409",1960,1,294435260.875,-0.0394583449905482,-0.0664875937733726
"410",1960,2,274640381.5,0.00871534872761546,0.0145370867544481
"411",1960,3,277964586.125,-0.0246635394736842,-0.0128705827601425
"412",1960,4,273844771.5625,-0.0191611828655066,-0.0151101507660141
"413",1960,5,269601066.8125,0.0259263789868668,0.033912912658
"414",1960,6,277758246.25,0.0219620282502614,0.0231685306517958
"415",1960,7,283770244.875,-0.0193400736253495,-0.0223502320217211
"416",1960,8,277490566.0625,0.0374739231481481,0.0317110388486983
"417",1960,9,284922757.9375,-0.0602755744485294,-0.058338444658938
"418",1960,10,268257557.8125,-0.0235335601469238,-0.00490442887114813
"419",1960,11,266623519.4375,0.0468835284926471,0.048257796100891
"420",1960,12,277917453.4375,0.0383810266531805,0.048662021830539
"421",1961,1,294896554.5625,0.0824372575896964,0.064018351770428
"422",1961,2,313602530.0625,0.0613870688705234,0.0371095752314334
"423",1961,3,323988204.6875,0.0505572693849789,0.0308935737005382
"424",1961,4,334793454.75,0.0090553871559633,0.0046384151156027
"425",1961,5,336481304.9375,0.0423481380255941,0.0258179434954374
"426",1961,6,343951650.75,-0.0426853710974262,-0.0287143262159199
"427",1961,7,333417669.625,0.0113594862888483,0.0301887378817421
"428",1961,8,344595707.8125,0.0213911416819013,0.0271318148478677
"429",1961,9,352566347.6875,-0.0296377120658135,-0.0198053169834654
"430",1961,10,345361608.625,0.0208389863760218,0.0275752966142346
"431",1961,11,355030186.125,0.0465055662759243,0.0460235566026829
"432",1961,12,369687989.4375,-0.00421871107110711,0.000110298428108371
"433",1962,1,372110925.125,-0.00805824222120541,-0.0363241866284885
"434",1962,2,358877396.4375,0.0152043009883199,0.0200922482305307
"435",1962,3,365888728.75,-0.00609718753135368,-0.00480282659596445
"436",1962,4,363335893.0625,-0.0687402419054879,-0.0636385939491114
"437",1962,5,340150225.0625,-0.098635170556553,-0.0840542825750321
"438",1962,6,310051509.1875,-0.086136520609319,-0.0827522059924427
"439",1962,7,282804113,0.0640710738434164,0.0653558308418038
"440",1962,8,323590047.5,0.0376951240232905,0.0236088700645983
"441",1962,9,329565139.3125,-0.0654916029434069,-0.0500609464999433
"442",1962,10,312734114.59375,-0.0405267491251953,0.0020228507761348
"443",1962,11,312555836.65625,0.121513569234788,0.110570455049827
"444",1962,12,344955492.96875,-0.0259732124694765,0.0124623536499737
"445",1963,1,350101060.0625,0.089566318240106,0.0518585002846236
"446",1963,2,367950965.3125,-0.0158096695607763,-0.0215393232563833
"447",1963,3,358435702.96875,0.0113742148050046,0.0330342703509543
"448",1963,4,369949735.375,0.0263653613659531,0.0476105140295716
"449",1963,5,387758439.4375,0.0323832149390244,0.0199940619734613
"450",1963,6,393625769.75,-0.0101567833132276,-0.0177396821014162
"451",1963,7,386356281.09375,-0.0064995928174001,-0.00123632944793174
"452",1963,8,385325041.65625,0.0422028060505081,0.0531657002092939
"453",1963,9,404417668.15625,-0.0109150324214792,-0.0129088288357305
"454",1963,10,398717992.15625,0.0126077576712955,0.0282374295132207
"455",1963,11,409300203.84375,-0.0166230074307274,-0.0058252038021499
"456",1963,12,402830894.8125,-0.00528708693993256,0.0210909211254024
"457",1964,1,412882567.53125,0.0330067285570131,0.0259050331785801
"458",1964,2,425452762.90625,0.025756960673848,0.0180586052020196
"459",1964,3,432493051.9375,0.0264264720386238,0.0172044576765555
"460",1964,4,439573105.96875,0.000104347916706854,0.00396224954196615
"461",1964,5,442987611.59375,0.00708488286594813,0.0167440841808423
"462",1964,6,448675931.03125,0.0110044397574749,0.0156735404592835
"463",1964,7,454952538.75,0.0299721322085794,0.0204717712354564
"464",1964,8,464572156.28125,-0.00642194830132939,-0.0115370598921082
"465",1964,9,456989697.5,0.037582334486166,0.0296901368565895
"466",1964,10,470427579.34375,0.0193599637541327,0.00884890681273769
"467",1964,11,473812628.28125,-0.000199362601491899,0.00286745382883281
"468",1964,12,470300566.6875,-0.0135372138457463,0.00342276345494053
"469",1965,1,475836028.125,0.0718729107025454,0.0382339776399006
"470",1965,2,493861190.3125,0.0336486311917607,0.00742394838521576
"471",1965,3,495453292.5625,0.0152455124694376,-0.00983446858126191
"472",1965,4,491190837.6875,0.0426586539808365,0.0341614405378528
"473",1965,5,507908440.53125,-0.00632192937165124,-0.00462072926403262
"474",1965,6,504357835.0625,-0.0844024376825706,-0.0514887466702403
"475",1965,7,477505861.8125,0.0290868500241896,0.0173252817070361
"476",1965,8,485239679.1875,0.0417133757889275,0.0305725008019097
"477",1965,9,497806577.625,0.0270119260219594,0.0317102154771045
"478",1965,10,512886724.65625,0.0590710743862342,0.0291031913364386
"479",1965,11,527752576.5,0.0476941457188513,0.00322332919739838
"480",1965,12,525764490.875,0.0437192760217085,0.0134130125092457
"481",1966,1,537054204.09375,0.0635375985237106,0.0109495754930205
"482",1966,2,542783790.09375,0.0299560356454721,-0.00862569594042528
"483",1966,3,535719304.6875,-0.0101269682831126,-0.0212870815782689
"484",1966,4,523429242,0.0472624355173993,0.0247536723235263
"485",1966,5,535494781.625,-0.0878522123509126,-0.0525101846757139
"486",1966,6,506027101.875,-0.00513749989556497,-0.0106618125982924
"487",1966,7,500219797.9375,-0.0158547466346154,-0.0127109715923187
"488",1966,8,493827229.84375,-0.100945853927203,-0.0748765088066915
"489",1966,9,454285884.78125,-0.0187713302380858,-0.00664888068612121
"490",1966,10,450132733.28125,-0.0150427794524681,0.0430168778697198
"491",1966,11,469007836.46875,0.0421080591039085,0.0179377757669585
"492",1966,12,474640769.4375,0.0174191666807954,0.00532371309222401
"493",1967,1,481241447.8125,0.174889016213639,0.0858232285054993
"494",1967,2,522125899.9375,0.043993486153367,0.0113646619783783
"495",1967,3,526606385.6875,0.0596480646554193,0.0438010554733298
"496",1967,4,548464194.75,0.0424311185034214,0.042116726996322
"497",1967,5,571502125.1875,-0.00793234959349593,-0.0397894365286646
"498",1967,6,544618143.875,0.0831673017036579,0.0267555143687958
"499",1967,7,558598268.8125,0.0840426489828199,0.0488520494927382
"500",1967,8,584125716.5625,0.00651860103513656,-0.00579826635612017
"501",1967,9,578030073.9375,0.0635152475876583,0.034116525001864
"502",1967,10,596485616.375,-0.021191907970977,-0.0268092890226795
"503",1967,11,578751933.8125,0.000484901482544238,0.00719286033080588
"504",1967,12,580079140.4375,0.0827998321608395,0.0338352930275328
"505",1968,1,611138941.9375,0.022662537747737,-0.0363355043644195
"506",1968,2,586707870,-0.056878969740634,-0.0334974291812437
"507",1968,3,563947977.375,-0.0109335957639976,0.00592197922989354
"508",1968,4,567245811,0.14632080166558,0.0943830641218445
"509",1968,5,618289949.875,0.0923732329521152,0.0272074289906056
"510",1968,6,633029933.75,0.0154963576249161,0.0111321569893973
"511",1968,7,639666700.5625,-0.0280404293695328,-0.0222973076099209
"512",1968,8,623758222.875,0.0359372903742535,0.0175573079467979
"513",1968,9,634482814.625,0.0692304752441811,0.044336330501677
"514",1968,10,661609151.6875,0.00664999190530378,0.00863670139949559
"515",1968,11,665781511.5625,0.0721996152719408,0.0584207274603965
"516",1968,12,703940365.375,0.00441353049670257,-0.0350145543951804
"517",1969,1,697468503.875,-0.00323944911446905,-0.0072160902810297
"518",1969,2,692517446.375,-0.0868406728969454,-0.0536412211696485
"519",1969,3,653469367.875,0.0193615360390368,0.0307673545413033
"520",1969,4,673604701.9375,0.00304772368421053,0.0198941278778339
"521",1969,5,688704492.6875,0.0049712716923436,0.00373576856157724
"522",1969,6,687841174.375,-0.113193176197118,-0.0663918488801305
"523",1969,7,641139696.21875,-0.0959858193784592,-0.0646702698403177
"524",1969,8,600343501.0625,0.0521655241209692,0.0517641004204006
"525",1969,9,630834677.0625,-0.0247353069647231,-0.0235580783513053
"526",1969,10,615019379.5625,0.0942791946642469,0.0564889932529086
"527",1969,11,649831747.125,-0.0562974250681199,-0.0327248719371117
"528",1969,12,626197420.8125,-0.066934553015805,-0.0198733417947669
"529",1970,1,623292409.9375,-0.040404842366757,-0.0748187677916711
"530",1970,2,575958952.0625,0.0404940583482944,0.0572532027842533
"531",1970,3,608612203,-0.024301365701559,-0.0048832655321094
"532",1970,4,605163103.75,-0.163688224344736,-0.104813403410709
"533",1970,5,540305342.125,-0.0913881966052138,-0.0640489773136582
"534",1970,6,503006364.125,-0.0755363907665916,-0.0520778057907756
"535",1970,7,476236656.6875,0.0585884568064538,0.0744248206997753
"536",1970,8,514039153.875,0.0626114020300088,0.0501657670994106
"537",1970,9,537453655.125,0.128332465874064,0.0471846074764703
"538",1970,10,562704230.5,-0.0595666058746164,-0.0181624197362157
"539",1970,11,551588765.5625,0.00243052357793879,0.0504651805490043
"540",1970,12,577679444.6875,0.0832397459664192,0.0613783270697358
"541",1971,1,621421735.4375,0.137439968586387,0.0521462890490946
"542",1971,2,653333049.5,0.0492913567159635,0.0173983778222854
"543",1971,3,661892179.1875,0.0563581169056932,0.044219086544001
"544",1971,4,691354467.25,0.0278258648618432,0.0342849427381858
"545",1971,5,714777118.5,-0.050377411720104,-0.0368754763996967
"546",1971,6,686741189.125,-0.0180162865058518,0.00269768551476565
"547",1971,7,686490178.4375,-0.0563172301258562,-0.0409549018286888
"548",1971,8,659129469.75,0.041921378690629,0.0425256901983886
"549",1971,9,685265611.375,-0.00530294550872712,-0.00486060529213525
"550",1971,10,681779334.5625,-0.05872380787135,-0.0405265850987946
"551",1971,11,653529404.6875,-0.0340295462726366,-0.000896961380022312
"552",1971,12,651090552.6875,0.119249415810461,0.0907009541169995
"553",1972,1,724535384.5625,0.105860732664996,0.0277065298178832
"554",1972,2,744659684.8125,0.0416763297386976,0.0311528654940872
"555",1972,3,766154192.3125,-0.000104225713104588,0.00899004784975807
"556",1972,4,772400977.9375,0.00112028694936188,0.00574188861338727
"557",1972,5,777533312.625,-0.0195387639573071,0.0155226314480096
"558",1972,6,786323287.5625,-0.0347663387888707,-0.0214612430692275
"559",1972,7,769583224.5,-0.0316581639557987,-0.00485616179850274
"560",1972,8,765689154.9375,0.0108375858132898,0.0354205181344819
"561",1972,9,791685564.8125,-0.0323095644618616,-0.00795015002677633
"562",1972,10,786007732.6875,-0.0155489162862491,0.00915721849674968
"563",1972,11,792580150.25,0.0511904223203533,0.0495732451796864
"564",1972,12,828837489.3125,-0.0215008113647565,0.00992183884679943
"565",1973,1,978491665.5,-0.0285820426715272,-0.0284547774203296
"566",1973,2,950536724.8125,-0.0757933634999903,-0.0442813988114471
"567",1973,3,904578555.8125,-0.030612256763806,-0.00851829027582116
"568",1973,4,895829197.03125,-0.073183423908988,-0.0515336649122891
"569",1973,5,848779004.6875,-0.0866563055996537,-0.0244176717450681
"570",1973,6,824261174.5625,-0.0412467471402991,-0.010516242760183
"571",1973,7,813935753.40625,0.109912147433423,0.0567883989517758
"572",1973,8,858559718.15625,-0.0453982736705815,-0.0312002009945542
"573",1973,9,827531127.875,0.074463767570222,0.0542521515082686
"574",1973,10,872504546.28125,-0.000721229397738011,-0.00174519654789758
"575",1973,11,870282666.09375,-0.177592628604325,-0.121843821817017
"576",1973,12,759144433.53125,-0.0419247101845062,0.0123457855754019
"577",1974,1,766105703.25,0.135549879116384,0.00457626462479448
"578",1974,2,768079968.9375,0.00728770635410241,0.0010858746410897
"579",1974,3,764439658.5625,0.00993255962893681,-0.022559983725856
"580",1974,4,745837475.15625,-0.0542416966019996,-0.0454138129968103
"581",1974,5,710609817.09375,-0.0709314331813018,-0.0392556687376597
"582",1974,6,678848386.6875,-0.0313799780068423,-0.02223134332125
"583",1974,7,661681712.15625,-0.0533488931594106,-0.0735940511842903
"584",1974,8,611627684.96875,-0.0815056292942209,-0.0874395420438429
"585",1974,9,553314962.9375,-0.0803318074547391,-0.10973067604332
"586",1974,10,491182810.34375,0.0922905008884814,0.166004503114271
"587",1974,11,571272068.84375,-0.049328670738492,-0.0396817858340405
"588",1974,12,546389458.6875,-0.0794849653519285,-0.0276462756077306
"589",1975,1,531766907.75,0.294321607486865,0.142417806482438
"590",1975,2,607006699.75,0.0586776929811083,0.059901862853209
"591",1975,3,640310381.625,0.0826650991501416,0.0306949738071506
"592",1975,4,664055684.625,0.0353091196692776,0.0466384732988376
"593",1975,5,695166845.96875,0.0759176332315744,0.0562264946446749
"594",1975,6,731664486.40625,0.0739294670255962,0.0523231948173918
"595",1975,7,769113322.59375,-0.00738981306053061,-0.0610235290271155
"596",1975,8,721113650.15625,-0.0466086567228707,-0.0236641102239923
"597",1975,9,700298513.59375,-0.0369297433915304,-0.0372386192867286
"598",1975,10,672871933.8125,0.0165634437534055,0.0585169796906653
"599",1975,11,710288313.9375,0.0189008045454545,0.0307143328852332
"600",1975,12,729122399.40625,-0.00462492481198271,-0.0111687035304075
"601",1976,1,719991284.625,0.191126982579934,0.126200715869765
"602",1976,2,809918644.625,0.115746824927077,0.00678359191332956
"603",1976,3,813447068.8125,0.0230612475926036,0.0273003448997378
"604",1976,4,834005474.3125,-0.00449938327327194,-0.010636727389504
"605",1976,5,825287308.0625,-0.0193658745682211,-0.00971147175438568
"606",1976,6,813630249.90625,0.0276974764648098,0.0447515278238251
"607",1976,7,849081249.15625,0.00277571185358721,-0.00602370180691931
"608",1976,8,842337844.09375,-0.0161891105561862,-0.00137821857755961
"609",1976,9,832291433.375,0.0158798465219697,0.0247790195859369
"610",1976,10,856933184.75,-0.0216517676745396,-0.0200735521999976
"611",1976,11,838851861.65625,0.0258603415778297,0.00756404544997977
"612",1976,12,842193919.8125,0.100310523353335,0.0603035302998284
"613",1977,1,892514214.25,0.0375075814064032,-0.0367873734772201
"614",1977,2,857512315.96875,0.00360140660901132,-0.0158840993914694
"615",1977,3,839239416.125,0.0111681030861552,-0.00993149735377527
"616",1977,4,830655256.46875,0.0180742498334859,0.00545311180857337
"617",1977,5,835486090.5625,0.00322350185359076,-0.010827478748359
"618",1977,6,821085320.65625,0.0526742628548695,0.0510610947921198
"619",1977,7,863483312.1875,0.0117884411369738,-0.0127190722996494
"620",1977,8,851908547.25,-0.00307074228538842,-0.0131101164064752
"621",1977,9,835433219.1875,0.0146718099403668,0.0016451666771421
"622",1977,10,835990999.09375,-0.0227663688081332,-0.0388212796374639
"623",1977,11,800792012.09375,0.0706588792124216,0.045258959867547
"624",1977,12,831295749.5625,0.0218694422321036,0.00752354065698888
"625",1978,1,838923725.84375,-0.0123260611884494,-0.0550877932036265
"626",1978,2,788784966.21875,0.0267150577840035,-0.00917771905685416
"627",1978,3,775550576.25,0.0677999682048407,0.0337696158448785
"628",1978,4,799163785.96875,0.0818301927902233,0.0839929199777419
"629",1978,5,864492549.0625,0.0708703996381953,0.0227057325445748
"630",1978,6,876045736.5,0.0101570275162126,-0.0115105396335779
"631",1978,7,864983671.41409,0.0522000520741395,0.0566339371486115
"632",1978,8,912578568.875,0.0949340623061586,0.0430828489241139
"633",1978,9,944818949.625,0.00588880031311823,-0.00787836516487704
"634",1978,10,937223523.46875,-0.182139514114586,-0.11210899605282
"635",1978,11,829389684.3125,0.0421336819305021,0.0340896720430587
"636",1978,12,851481522.90625,0.0136443409987584,0.0166331250961739
"637",1979,1,867646931.625,0.0940290826120929,0.0499248915936438
"638",1979,2,907069777.3125,-0.0178100785282431,-0.0281876610720655
"639",1979,3,872734719.60555,0.0836681911511549,0.0647838202846421
"640",1979,4,925955938.10555,0.0287617748729209,0.007347926761257
"641",1979,5,929540341.23055,-0.00461405191548024,-0.0135277013144937
"642",1979,6,908454083.15625,0.055130397190204,0.0465453768631292
"643",1979,7,948332805.15625,0.0229640193295166,0.0158783270905198
"644",1979,8,960926075.96875,0.0749544607166704,0.0628722272738186
"645",1979,9,1015024980.0625,-0.0025598030619257,0.000121919129506901
"646",1979,10,1013003692.09375,-0.0972117177877811,-0.072078293816925
"647",1979,11,936252323.09375,0.0656422260065396,0.0619883853831718
"648",1979,12,988662715.8125,0.0682567172300823,0.0272871504324054
"649",1980,1,1018662788.25772,0.104417100267062,0.0627514460659238
"650",1980,2,1075862999.15414,-0.006665459122701,-0.0033251063816686
"651",1980,3,1063499502.64642,-0.165657671874215,-0.11653827588915
"652",1980,4,935038158.14642,0.0507983827237371,0.0517476000872257
"653",1980,5,983088974.84097,0.0706004093855718,0.0605543096288833
"654",1980,6,1036415348.30847,0.044509808064357,0.0366517890423537
"655",1980,7,1073939693.88847,0.0914684874361635,0.0701329039206715
"656",1980,8,1149488561.68744,0.0655396998749,0.0244641306099217
"657",1980,9,1171115254.89123,0.0530202173906894,0.0294297750798682
"658",1980,10,1208694871.62721,0.048690447263785,0.020177067487113
"659",1980,11,1229473043.71622,0.0733776796177,0.105336606249181
"660",1980,12,1348774766.61657,-0.0317345849692932,-0.0319686775604618
"661",1981,1,1314671481.70788,0.00622384969524721,-0.0399641297419604
"662",1981,2,1260485057.67999,0.00249506846888453,0.0163717013154737
"663",1981,3,1272791354.21233,0.0734011804550673,0.0476314356439171
"664",1981,4,1330532260.9703,0.0298924495044327,-0.00928068228447171
"665",1981,5,1316809108.90843,0.029140093939063,0.0126062163410769
"666",1981,6,1327327255.11832,-0.013401467066692,-0.01007033974976
"667",1981,7,1313501122.44419,-0.0200445379746835,-0.00297522513691519
"668",1981,8,1309208198.55188,-0.0745173443681873,-0.0572950738631083
"669",1981,9,1225929015.59779,-0.0899445242027766,-0.059166885941537
"670",1981,10,1148351089.67706,0.0716914953889334,0.0608021891003122
"671",1981,11,1207260714.77785,0.0191489410123555,0.0440465951654844
"672",1981,12,1258354538.40996,-0.0201140186564746,-0.027683136773173
"673",1982,1,1226315886.21144,-0.0179425315904139,-0.0243957585419068
"674",1982,2,1192245995.67483,-0.0478412647672255,-0.0493490680368147
"675",1982,3,1123765409.04708,-0.0120870950476399,-0.00874507848528551
"676",1982,4,1099668180.92614,0.053579631641791,0.0437784891367361
"677",1982,5,1143687289.72499,-0.0235920537848606,-0.0292257196368881
"678",1982,6,1100181453.82492,-0.0362015609199216,-0.0211832061106549
"679",1982,7,1074336671.59572,-0.0165403109282361,-0.0212967695767182
"680",1982,8,1039915470.79844,0.0622380929305092,0.118803025725635
"681",1982,9,1162043065.18859,0.0329515466613033,0.0179504202747752
"682",1982,10,1180992514.00231,0.131049232991819,0.118396615977288
"683",1982,11,1318345967.96432,0.0952331008485713,0.0530259480963881
"684",1982,12,1381796174.41461,0.0218748775662767,0.0121045613874249
"685",1983,1,1406841954.16766,0.112580096915574,0.0426700066665755
"686",1983,2,1460367909.35355,0.0555180043329658,0.0320254965422715
"687",1983,3,1498308083.25987,0.0509142774827198,0.0344173995445129
"688",1983,4,1555503778.7633,0.0817769854915964,0.0737531020587794
"689",1983,5,1671349116.22407,0.093971065207784,0.0122740262977155
"690",1983,6,1689963464.17187,0.0505073538610875,0.0373545642540592
"691",1983,7,1767593092.46731,-0.0192940765692987,-0.0332001191035896
"692",1983,8,1712309394.55937,-0.0353103767742548,0.00248106115512229
"693",1983,9,1714004769.57879,0.0029443989254859,0.0167075151697943
"694",1983,10,1749197181.92405,-0.0574624103852596,-0.02679369461008
"695",1983,11,1704069217.08561,0.0299326433571612,0.0286461378488089
"696",1983,12,1749836231.82406,-0.0202566836661095,-0.0104925375767541
"697",1984,1,1737308509.54551,0.00447682624125866,-0.0116284304069702
"698",1984,2,1717709943.16728,-0.0570035221792259,-0.0407464168561092
"699",1984,3,1627708446.91373,0.0062130582155762,0.0135946094481802
"700",1984,4,1645027349.0397,-0.0199013255285925,0.00298516532547889
"701",1984,5,1645752733.26643,-0.0510620786291866,-0.0518259110790977
"702",1984,6,1552042078.79015,0.0151049651749624,0.0254373295707702
"703",1984,7,1571416196.43926,-0.0473635988292519,-0.0191910577244028
"704",1984,8,1536241885.49474,0.089588322232912,0.1107322155339
"705",1984,9,1694744170.25819,-0.000105975032687892,0.000584075678018211
"706",1984,10,1689077064.45506,-0.0217807435380734,0.00150436837983446
"707",1984,11,1678759128.65573,-0.0329602925071763,-0.0102153526848632
"708",1984,12,1644992797.21047,0.0064555746806865,0.024733293940044
"709",1985,1,1679786718.59047,0.12560526438459,0.0860042353658176
"710",1985,2,1815570285.25229,0.0493277226260168,0.017990157056884
"711",1985,3,1837053260.45056,-0.0112639763074763,-0.00225459895642292
"712",1985,4,1826814126.96047,-0.0120008399580382,-0.00239938101011909
"713",1985,5,1820491617.40171,0.0231370784692343,0.0572644611126269
"714",1985,6,1906270204.56756,0.00336685965315361,0.0181028962869885
"715",1985,7,1920779428.77304,0.0194092970451453,-0.0010513104504405
"716",1985,8,1912429695.09949,-0.00341758852263455,-0.00465492297765266
"717",1985,9,1892595548.72507,-0.0584154837676168,-0.0390440554522928
"718",1985,10,1804626688.17414,0.0189502055920642,0.0464903885794344
"719",1985,11,1885138631.44447,0.0544490054852069,0.0703723179052234
"720",1985,12,1996349373.59482,0.0311797512110519,0.0450536590431723
"721",1986,1,2086350241.01749,0.0449100527653224,0.0120798657310882
"722",1986,2,2104085484.58086,0.0635924715946708,0.0763925674246164
"723",1986,3,2253962015.25214,0.0494601744878501,0.0546374332710005
"724",1986,4,2377100235.8419,0.0157842834696697,-0.00781246465465007
"725",1986,5,2342465149.68694,0.0387562182967241,0.0510396595542021
"726",1986,6,2459290199.27762,0.0094321852255725,0.0155021975578832
"727",1986,7,2500165121.48327,-0.0759923252478179,-0.0590979994892802
"728",1986,8,2355778110.15308,0.0184559024152245,0.0651048232901763
"729",1986,9,2502763518.08964,-0.0635971311871753,-0.0812447604432031
"730",1986,10,2294159990.58447,0.0270809163940007,0.0509985507618481
"731",1986,11,2403233569.01804,-0.00698501449687812,0.015519943918277
"732",1986,12,2430582903.12402,-0.0368882656789716,-0.0275995098569896
"733",1987,1,2350391483.24623,0.118752755867269,0.128461418775279
"734",1987,2,2651801525.03433,0.0776579194851267,0.0480765092206109
"735",1987,3,2770435740.81825,0.0319521180198889,0.0210300634453848
"736",1987,4,2829156016.6968,-0.0210982006697668,-0.016586610689488
"737",1987,5,2775211388.19913,-6.04962758086007e-07,0.0048331965769662
"738",1987,6,2784299391.36669,0.0215860999042303,0.0438166272422464
"739",1987,7,2895191385.58829,0.0326945415872881,0.0429084662940274
"740",1987,8,3010598775.17056,0.0167662353546209,0.0397892395301688
"741",1987,9,3114567954.9294,-0.0158767088343747,-0.021341744876642
"742",1987,10,3052483551.71759,-0.277504257953673,-0.22578167610714
"743",1987,11,2350766954.51479,-0.0547527343675795,-0.0741188133113441
"744",1987,12,2162607320.33856,0.0292078757983614,0.0718171612751529
"745",1988,1,2311722223.50188,0.0792776119393947,0.0449691996157629
"746",1988,2,2404154759.36619,0.0648292728676148,0.0520510196409308
"747",1988,3,2512940284.83446,0.0371205661722625,-0.0181404814577812
"748",1988,4,2449830983.94886,0.0156252625235759,0.0102541324357426
"749",1988,5,2465890483.68487,-0.0172913226495968,0.00214583606004577
"750",1988,6,2454912811.20105,0.0515466295606938,0.0525427246290976
"751",1988,7,2559236910.50554,-2.82823885663843e-05,-0.00740318508642341
"752",1988,8,2536079316.0344,-0.0228423344543172,-0.0270854966310226
"753",1988,9,2445819670.24468,0.0194903097302685,0.0390824860949066
"754",1988,10,2531587128.16107,-0.0143296367406161,0.0175876210623113
"755",1988,11,2562733984.19829,-0.0403677602175346,-0.0171668169615603
"756",1988,12,2500772584.10374,0.0216187771871791,0.0209432542341518
"757",1989,1,2509946951.94587,0.0633382425971222,0.0661465894991274
"758",1989,2,2657462743.79291,0.00398554745896759,-0.0163792267884112
"759",1989,3,2599312290.39873,0.0178591927185059,0.0223063404573443
"760",1989,4,2648577913.13503,0.0317036375286337,0.0501262920157444
"761",1989,5,2772682029.10245,0.0289093494560902,0.0406796743799036
"762",1989,6,2848655872.05388,-0.0107675795028762,-0.00635552422811227
"763",1989,7,2817737627.29052,0.0294881633682487,0.0785111988545492
"764",1989,8,3020367948.40525,0.0201116383015007,0.0217398037331582
"765",1989,9,3074265162.70884,0.00277884788303341,-0.00109615126783004
"766",1989,10,3064852164.5011,-0.0532109912520737,-0.0298273598085233
"767",1989,11,2969503748.73329,-0.0113112010108925,0.017102739039567
"768",1989,12,3004620339.82815,-0.0153086761197162,0.0176540052421625
"769",1990,1,3056878546.54199,-0.0508131370552326,-0.0722527493481105
"770",1990,2,2811393494.24056,0.0207269943470103,0.0166980275183548
"771",1990,3,2848877605.14809,0.0263574461961052,0.0246945442796927
"772",1990,4,2916992391.8976,-0.0257754993601121,-0.0266654228285764
"773",1990,5,2835987903.78482,0.0471038717395316,0.0909434171198479
"774",1990,6,3083205289.37928,0.00578073134853953,-0.00465103850117743
"775",1990,7,3061171226.38593,-0.0316532805350054,-0.0122124976418852
"776",1990,8,3018650054.95481,-0.11582169886326,-0.0946500211879378
"777",1990,9,2717791531.32777,-0.0816412505029109,-0.055091234700075
"778",1990,10,2558533008.47612,-0.0618014009266815,-0.0123908526356988
"779",1990,11,2518411217.57985,0.0388820416781223,0.0690268235021426
"780",1990,12,2679524088.14964,-0.00302524926791443,0.0305735716618214
"781",1991,1,2749774568.24724,0.089408876493142,0.0520027777673775
"782",1991,2,2883255369.36884,0.138204028626966,0.0766129722753826
"783",1991,3,3093431182.70086,0.0847846237465168,0.0308082989527953
"784",1991,4,3197658684.29138,0.0334894931192979,0.00256036663530141
"785",1991,5,3202631687.16648,0.0312105752448798,0.041155185991971
"786",1991,6,3330250553.8777,-0.0356304745679113,-0.0452396290551668
"787",1991,7,3196298477.55591,0.0368543504160557,0.0472208028974794
"788",1991,8,3346282212.86953,0.0320076962308082,0.027756755098181
"789",1991,9,3432025642.15096,0.00870259760696761,-0.0112857504192649
"790",1991,10,3407939938.83781,0.0257319509721653,0.017098261039687
"791",1991,11,3468470518.38922,-0.0248772164671236,-0.0379354362680234
"792",1991,12,3331562316.57717,0.0401535935479366,0.112092674913436
"793",1992,1,3718160751.67889,0.161796322868786,-0.00248950957928317
"794",1992,2,3703968945.96943,0.0565566288773036,0.0136583429853202
"795",1992,3,3752703013.06898,-0.0140074472691721,-0.023162523690951
"796",1992,4,3699180241.7649,-0.0382440212029061,0.0139616760646465
"797",1992,5,3744088646.30768,0.0037438116218148,0.00575811123337141
"798",1992,6,3756041826.17921,-0.0420073799554358,-0.020178473325404
"799",1992,7,3703470572.70288,0.0286106520612701,0.0407948465216113
"800",1992,8,3852188032.74951,-0.0265429243597508,-0.0211606497704387
"801",1992,9,3760718564.27062,0.0150403949466853,0.0144383279258898
"802",1992,10,3818245946.51615,0.0224508493778447,0.0124459575111258
"803",1992,11,3863074370.47949,0.0763029884482759,0.04362194528589
"804",1992,12,4022616229.33874,0.038959035921232,0.0181415615449631
"805",1993,1,4117121271.22382,0.070330206939864,0.0116318641041883
"806",1993,2,4163904148.03128,-0.0154902399936886,0.00343941242481515
"807",1993,3,4175713679.40153,0.0288534946932959,0.0255269567251809
"808",1993,4,4302963168.25888,-0.0183137179886939,-0.0280831275842984
"809",1993,5,4183757720.77767,0.0406096124560777,0.0310241387164773
"810",1993,6,4309320308.69162,0.0132041115121473,0.00559263031870449
"811",1993,7,4376624162.08968,0.0131013628463976,-0.00104041938657391
"812",1993,8,4371940649.37109,0.040939597589292,0.0396227344681377
"813",1993,9,4540207977.12515,0.0291603966430716,0.00139668890404935
"814",1993,10,4562507382.07043,0.0413829127408127,0.0163080436092767
"815",1993,11,4635622278.65593,-0.024317387963779,-0.0163587899060658
"816",1993,12,4559166375.75943,0.0119388560734053,0.0187426203483974
"817",1994,1,4675114822.20584,0.0501226505597892,0.0311301140497274
"818",1994,2,4821239108.11519,-0.00659228220690814,-0.0233788475032743
"819",1994,3,4707669082.99468,-0.0442745459087269,-0.0450767997337529
"820",1994,4,4502990740.30209,-0.0150074283037192,0.00952802866626728
"821",1994,5,4538624799.02448,-0.00207693310833491,0.00890194931016551
"822",1994,6,4578066677.80619,-0.0277384973458111,-0.0272112251436721
"823",1994,7,4460376343.44409,0.014660292618949,0.0308709183840039
"824",1994,8,4595594085.25163,0.039696710773231,0.0437488407511191
"825",1994,9,4780272937.0389,0.00718778434249812,-0.0193187055128627
"826",1994,10,4688677845.55018,0.00106979081173181,0.0172220401876869
"827",1994,11,4763276162.59858,-0.0433306913852712,-0.0365990348740301
"828",1994,12,4575258335.00447,-0.0124311404074135,0.0130268542945483
"829",1995,1,4629732614.1949,0.0319300851940841,0.0221610620641837
"830",1995,2,4722422956.17698,0.0315867144067791,0.0401707866805092
"831",1995,3,4902273362.81214,0.0186064773098836,0.0263889313119604
"832",1995,4,5037697553.15497,0.0245481004366319,0.0254823854400427
"833",1995,5,5157052380.03275,0.0199510309103732,0.0342888445451508
"834",1995,6,5320057009.0659,0.0547619149777515,0.0318544449817327
"835",1995,7,5497729207.04602,0.0610917313372328,0.0416067088537646
"836",1995,8,5712269991.45322,0.0355577732684516,0.0101566321004299
"837",1995,9,5774909925.37904,0.028447412176628,0.0377647330158512
"838",1995,10,6002024225.38365,-0.0441344468335289,-0.010485346922225
"839",1995,11,5946058856.74087,0.0171650078463626,0.0437033595758799
"840",1995,12,6217781303.59495,0.00767038312830857,0.0150761404046119
"841",1996,1,6321097774.00125,0.0289006626781524,0.0267934294984291
"842",1996,2,6482326751.59901,0.0369141793407792,0.0171396230774913
"843",1996,3,6586925378.45703,0.026536454985381,0.0112465451198721
"844",1996,4,6675210821.69108,0.0639382957296139,0.0250443181016858
"845",1996,5,6867517399.95727,0.0690871742486779,0.0278008441315793
"846",1996,6,7079492134.37415,-0.0354723358454258,-0.00740341212243912
"847",1996,7,7056326155.9485,-0.0884063905705119,-0.0550465548508632
"848",1996,8,6656443266.23279,0.0466387813345375,0.0317605577251601
"849",1996,9,6863986983.70971,0.0316198005147695,0.0543681857109515
"850",1996,10,7239839682.43037,-0.0246802048073343,0.0128139290138597
"851",1996,11,7316772517.23443,0.0237284821632876,0.0664985920435653
"852",1996,12,7803864280.67133,-0.00379567102545489,-0.0122956738455549
"853",1997,1,7708503796.24381,0.0657735611288281,0.0540428958667752
"854",1997,2,8111408926.15747,-0.0152107832545366,-0.000998035598951197
"855",1997,3,8096498848.16818,-0.0528939433944987,-0.0458409605427898
"856",1997,4,7728295134.39561,-0.0252127328970334,0.0445973943953799
"857",1997,5,8057118944.80816,0.0925233319812439,0.0721293565151343
"858",1997,6,8626170359.56924,0.045402361747313,0.0443999805158045
"859",1997,7,8989253719.7713,0.0517370956568609,0.0770785401133436
"860",1997,8,9667546853.07528,0.0349526998891569,-0.0369944382066503
"861",1997,9,9300208010.40732,0.0870281096712771,0.0577849561379593
"862",1997,10,9865148626.29875,-0.0211831369561217,-0.0337430138192166
"863",1997,11,9519814270.39149,-0.0210997350041336,0.0336250801164739
"864",1997,12,9832236771.23213,-0.0285954628608005,0.0178931522148825
"865",1998,1,10022647991.8379,0.0150275804773917,0.00573102934482806
"866",1998,2,10065554670.4075,0.0644320813825458,0.0740859129258628
"867",1998,3,10793119973.5265,0.0508624583680744,0.0513920567740735
"868",1998,4,11388074283.4008,0.0278608904849003,0.0115239769611856
"869",1998,5,11493527963.5783,-0.0452884196066656,-0.0266038238370049
"870",1998,6,11203663118.2244,-0.0285030975288151,0.035764833679827
"871",1998,7,11663510651.0373,-0.0556868279758393,-0.0205430004064771
"872",1998,8,11435030252.6845,-0.202329928193324,-0.156002281187845
"873",1998,9,9621650697.11413,0.0410123008573894,0.065811167926136
"874",1998,10,10256169603.9602,0.0372206236047549,0.0735069948594737
"875",1998,11,11000490550.3906,0.0843465018286347,0.0635420779510966
"876",1998,12,11620295426.2842,0.0250646299519337,0.0652420188973826
"877",1999,1,12363684794.9507,0.0729490305576104,0.0381562403789573
"878",1999,2,12781836849.3234,-0.0486843856441741,-0.0372493747577786
"879",1999,3,12319069530.6836,-0.0084435790681064,0.0384829957175325
"880",1999,4,12797975477.1688,0.0857889961240158,0.046918119338757
"881",1999,5,13425100253.1011,0.0327595123083381,-0.0211844319203495
"882",1999,6,13197683556.2166,0.0393206100571956,0.0511036492430165
"883",1999,7,13825093316.0595,0.00861636141624036,-0.0308201250630565
"884",1999,8,13430093928.1737,-0.0342565970257539,-0.00991591993259681
"885",1999,9,13306241310.7492,-0.0165946389819207,-0.0241155880974543
"886",1999,10,13017830611.613,-0.000259913164282546,0.0645149397380755
"887",1999,11,13943481644.0059,0.0989439513108131,0.0374991768192434
"888",1999,12,14550755657.5186,0.0881300120425794,0.0808757469321187
"889",2000,1,15788648798.5866,0.0526949059935986,-0.0431047547674775
"890",2000,2,15095805366.593,0.129776488577121,0.0287494185574744
"891",2000,3,15650581295.933,0.00117137071576782,0.0567359536005027
"892",2000,4,16767161631.7173,-0.0971496208922172,-0.059128988400195
"893",2000,5,15826544618.9718,-0.0641488076029476,-0.0390055984468081
"894",2000,6,15224852774.5507,0.0858694558193414,0.0502502868652835
"895",2000,7,16029547831.7335,-0.0218306057311649,-0.0201324602011844
"896",2000,8,15687811340.8626,0.0641909673434532,0.0751888856013492
"897",2000,9,16907842219.4436,-0.0416825405781263,-0.0492623065108508
"898",2000,10,16136080966.0859,-0.0676308761825941,-0.0219196828784912
"899",2000,11,15751594983.1098,-0.130787363104729,-0.101640404754128
"900",2000,12,14106775939.2642,-0.0132159734657554,0.016812057479764
"901",2001,1,14349314316.6415,0.250628199968584,0.036285421398914
"902",2001,2,14883033834.8531,-0.0798205098648052,-0.096271164518781
"903",2001,3,13419615626.0718,-0.0731845173594341,-0.068312899239585
"904",2001,4,12507392784.5538,0.0807273452490396,0.0832190202558117
"905",2001,5,13559490297.1507,0.0711436183954726,0.0103629989534857
"906",2001,6,13672421002.4736,0.0157718794602587,-0.0165503642998622
"907",2001,7,13460851608.6436,-0.0287304518077012,-0.0182883042852674
"908",2001,8,13215749437.9713,-0.0382515614417014,-0.0610619321158995
"909",2001,9,12401405824.2871,-0.132507738013756,-0.0895047444151775
"910",2001,10,11264167900.5563,0.0851723026725777,0.0267042565878778
"911",2001,11,11573590238.8209,0.0834412979713968,0.0770000744153295
"912",2001,12,12439946713.5256,0.0659077062112907,0.0174883896626424
"913",2002,1,12663598859.3354,0.0208114054944815,-0.013003301261772
"914",2002,2,12474523217.3392,-0.0381762822621809,-0.0216020974809753
"915",2002,3,12192476480.828,0.0834014908661787,0.0437030439775036
"916",2002,4,12740629816.2668,0.000591530519005847,-0.0504916630839985
"917",2002,5,12108638625.0944,-0.02355620767267,-0.0123243555607094
"918",2002,6,11946466001.5782,-0.0696720077501393,-0.0705309204329077
"919",2002,7,11081409663.6151,-0.118689733309015,-0.0801706030929843
"920",2002,8,10186591102.991,0.00377466640450684,0.00638131801752896
"921",2002,9,10215986318.1052,-0.0863871410976139,-0.101843784147717
"922",2002,10,9158068762.36399,0.0479161069790424,0.0796550549642215
"923",2002,11,9873832878.18683,0.131056220332505,0.0606007122016239
"924",2002,12,10453427270.588,-0.0498264683595179,-0.0563992572198214
"925",2003,1,9853439493.28662,0.003327285163387,-0.0246809570288705
"926",2003,2,9596312847.38055,-0.02530654065541,-0.017961148645024
"927",2003,3,9406332465.25931,0.0135762866360945,0.0119117640484575
"928",2003,4,9499812290.72268,0.102765359589426,0.082664203440245
"929",2003,5,10279167140.2319,0.144530616196948,0.0613650025082725
"930",2003,6,10884024233.1856,0.054073986945245,0.0151865817288439
"931",2003,7,11047778144.4662,0.0738731532987186,0.0241118071444943
"932",2003,8,11306231539.4117,0.0516180100070199,0.0240265569267126
"933",2003,9,11572411575.4191,0.0239987674420432,-0.0115240125762588
"934",2003,10,11474014654.3031,0.0850580953586473,0.0614697937247766
"935",2003,11,12172972666.5621,0.0379071206334574,0.0141815219075136
"936",2003,12,12340170447.822,0.0357129691140668,0.0436086133193622
"937",2004,1,12847788757.2158,0.0722290148689592,0.0222075596894041
"938",2004,2,13118381521.4534,0.0119527900796608,0.0146081723815776
"939",2004,3,13323581192.8589,0.00248219319021794,-0.0123009445990968
"940",2004,4,13182456218.8919,-0.0301583002504702,-0.0174198337435183
"941",2004,5,12954036702.1529,-0.000225245927832747,0.0123466612859664
"942",2004,6,13099822130.6812,0.0248213553131273,0.0193557147100125
"943",2004,7,13336378814.3229,-0.0643896080110987,-0.0394441100724865
"944",2004,8,12802071914.5989,-0.0134271242752387,0.00185969025675711
"945",2004,9,12811858610.2042,0.0419072427736874,0.0171667621005658
"946",2004,10,13007030462.2219,0.0193628453176096,0.0153435324916401
"947",2004,11,13154070496.8692,0.0881398475912368,0.0468980182339645
"948",2004,12,13780549597.0023,0.0605167747991503,0.0357600621889815
"949",2005,1,14273129205.0339,-0.0347841515322869,-0.0258808915664189
"950",2005,2,13881814223.2315,0.0105715968461041,0.0204898202473169
"951",2005,3,14150661473.5946,-0.0290784334687191,-0.01748840998377
"952",2005,4,13886685679.3957,-0.0564815332200276,-0.0240046281054236
"953",2005,5,13545065820.6172,0.0494422886644025,0.0388578232975439
"954",2005,6,14026300820.38,0.0349073798028442,0.00793297523128391
"955",2005,7,14117997488.6577,0.065805999803706,0.0414875475985333
"956",2005,8,14679824990.6533,-0.0104903764921178,-0.00909130080516786
"957",2005,9,14489861101.2015,0.00633840225146357,0.00769433680656589
"958",2005,10,14593251310.6984,-0.0313672452958252,-0.0173434721777914
"959",2005,11,14304545941.5177,0.0370467392797037,0.0391834084210236
"960",2005,12,14832548389.0559,0.00927780943552556,0.000709747695168962
"961",2006,1,14796369037.2474,0.0787008692596544,0.033745200440713
"962",2006,2,15214272125.9226,0.00495743550134921,0.000384139774629171
"963",2006,3,15220243629.8101,0.0421446242613423,0.0183188177251335
"964",2006,4,15479484513.4213,0.00713133091242693,0.0107640322403822
"965",2006,5,15559395744.2876,-0.0480343906928849,-0.0313373570425908
"966",2006,6,15055484666.1543,-0.00871435731556638,0.000485484491262453
"967",2006,7,15021641784.2818,-0.0342507988922028,-0.00378417918824581
"968",2006,8,14932588045.0172,0.0215816609094249,0.024464956590423
"969",2006,9,15189174774.1929,0.0101844830406058,0.0225387621844187
"970",2006,10,15502140792.4029,0.0497439899483445,0.0362717769688288
"971",2006,11,16030425748.7209,0.0276447226617883,0.0212327344195566
"972",2006,12,16309177073.011,0.0137876943674315,0.0125511590880564
"973",2007,1,16459488573.6479,0.0238726461816361,0.0183371546751352
"974",2007,2,16713190068,0.0022937035121741,-0.01572564892184
"975",2007,3,16386564830.3643,0.0034580759319174,0.0110218567135208
"976",2007,4,16546298676.7939,0.0236903203086612,0.0391703501507281
"977",2007,5,17139547225.8909,0.0242867070453717,0.036431756721049
"978",2007,6,17689153454.0689,-0.00695253235686681,-0.015577741129547
"979",2007,7,17358258322.2405,-0.050371949934144,-0.0332508309684378
"980",2007,8,16688380633.1411,-0.010800224745441,0.0133502843988209
"981",2007,9,16835442481.2913,0.0165145269426271,0.0353548146530484
"982",2007,10,17328142762.5029,0.0116173844312316,0.0211008033367998
"983",2007,11,17560694088.0067,-0.0821005671069193,-0.0446452166927812
"984",2007,12,16642348273.2759,-0.0136835250802227,-0.00592367755255109
"985",2008,1,16492451752.0471,-0.0527063298801361,-0.0612870096712278
"986",2008,2,15422126864.4447,-0.0264536028641832,-0.0295455388988564
"987",2008,3,14879908931.6512,-0.0257285518852638,-0.00761978679571323
"988",2008,4,14747224343.7319,0.0244282407684773,0.0477095630612045
"989",2008,5,15409997151.5751,0.0347575280472334,0.0203170397968849
"990",2008,6,15675753617.2785,-0.0930627662615728,-0.0825773953292395
"991",2008,7,14352288508.6525,0.00950528982756072,-0.00617176051548391
"992",2008,8,14226567404.8108,0.0245988921588228,0.0165025764015339
"993",2008,9,14414902870.9651,-0.109255631205782,-0.090576841153206
"994",2008,10,13067673146.8193,-0.212405122489043,-0.17105984552734
"995",2008,11,10768744754.8988,-0.139246878669725,-0.0778202308304622
"996",2008,12,9843224681.01543,0.0310477481418744,0.0176387584024187
"997",2009,1,9985855838.74983,-0.039002950589069,-0.0807952493644541
"998",2009,2,9149215742.99538,-0.117636546998603,-0.10076548408133
"999",2009,3,8175276304.60087,0.128309673262662,0.0886155746118284
"1000",2009,4,8783808620.15738,0.217270566611256,0.10177980600407
"1001",2009,5,9661106410.60272,0.0981711210658764,0.0520849044167329
"1002",2009,6,10181863632.6237,0.0363377533263938,0.00437430319345085
"1003",2009,7,10244268255.6395,0.0883745592112536,0.0772842336559809
"1004",2009,8,11039114208.0235,0.0675155314091681,0.0333551168117244
"1005",2009,9,11428718549.5392,0.0715669440548582,0.0408436479866546
"1006",2009,10,11949877599.8075,-0.0624279757461326,-0.0256846081234858
"1007",2009,11,11591126532.7899,0.0196119507199255,0.0552993623955751
"1008",2009,12,12202334651.4548,0.0685053399836504,0.0275410216195017
"1009",2010,1,12560082937.6743,-0.0061710433725457,-0.033434692178204
"1010",2010,2,12120945604.4292,0.0385952198198281,0.0339096820223082
"1011",2010,3,12497332023.3594,0.0796954220389204,0.0630972055493524
"1012",2010,4,13303594738.9798,0.0770153270084352,0.0200500316620173
"1013",2010,5,13555301858.2578,-0.0818800676164781,-0.0787956051721698
"1014",2010,6,12466896531.3184,-0.0760463098004385,-0.0553499480942118
"1015",2010,7,11750873654.212,0.0569988429214607,0.0692218250398356
"1016",2010,8,12515263623.5914,-0.0681479337002752,-0.0475112026123034
"1017",2010,9,11875729728.1264,0.108772810520663,0.0955042304374187
"1018",2010,10,12976955015.4773,0.0443066374401613,0.0387801211617963
"1019",2010,11,13442970815.4655,0.0223099455677973,0.0060937908270884
"1020",2010,12,13574148804.1533,0.0854141310099165,0.0682641387012132
"1021",2011,1,14482863917.3401,0.019121031865346,0.0199512643936006
"1022",2011,2,14799006457.3018,0.044120218907482,0.0349613037744859
"1023",2011,3,15278736592.9499,0.0125834561967182,0.00459818256779479
"1024",2011,4,15343001587.4402,0.0152210712491955,0.0289922572094653
"1025",2011,5,15762891551.7657,-0.020538315066155,-0.0126894308713714
"1026",2011,6,15510458492.7774,-0.0260394513189847,-0.0173733150161886
"1027",2011,7,15183227212.3841,-0.025791562222802,-0.0235296108723033
"1028",2011,8,14792405906.8556,-0.0930010765672924,-0.0597247326972642
"1029",2011,9,13842305720.2173,-0.108106068393719,-0.0756747140809324
"1030",2011,10,12728732099.926,0.122002115107639,0.113380971429795
"1031",2011,11,14118968373.515,-0.0180911495502876,-0.00277426214028358
"1032",2011,12,13985767618.2045,0.000684337869740154,0.00739801506394743
"1033",2012,1,14046512178.2294,0.0921814295222141,0.0503406026587404
"1034",2012,2,14693890121.3477,0.0409573505249238,0.0441811469806582
"1035",2012,3,15276713382.3526,0.0329107863858905,0.0312125909052202
"1036",2012,4,15750319172.1929,-0.011833468002947,-0.00853963407464835
"1037",2012,5,15575538424.3884,-0.0701297030706498,-0.0616084980003357
"1038",2012,6,14548217171.6764,0.0388506881561083,0.0389454642457532
"1039",2012,7,15079664369.4798,-0.00959932771972742,0.00792068948605069
"1040",2012,8,15154644854.2744,0.0285581489762931,0.0255408747386665
"1041",2012,9,15456159520.769,0.039759624872686,0.0273842741482484
"1042",2012,10,15860031405.448,-0.0187820356485839,-0.0174895440049319
"1043",2012,11,15543454355.5308,0.0033462627816864,0.00782903687893646
"1044",2012,12,15601233742.3417,0.025705220005466,0.0117916605734464
"1045",2013,1,15719394095.9391,0.0733075417151925,0.0556828514416231
"1046",2013,2,16570317841.4216,0.011362322268518,0.012899804542919
"1047",2013,3,16702422880.0814,0.0446201310908337,0.0403543783512667
"1048",2013,4,17373285395.8128,-0.000400128862067623,0.0155731291515242
"1049",2013,5,17618577850.8056,0.0489852461146961,0.0279972445125295
"1050",2013,6,18081316467.0092,0.000763093387464699,-0.0119043842105719
"1051",2013,7,17785145630.9945,0.0744563260689655,0.0563665283572402
"1052",2013,8,18736928860.3713,-0.0208809874868841,-0.0270381424705573
"1053",2013,9,18183517295.505,0.0590068134887806,0.0376622912489777
"1054",2013,10,18837809565.556,0.0254790533729882,0.0416104696110794
"1055",2013,11,19536419448.1976,0.041922781473337,0.0312354475169521
"1056",2013,12,20115842821.1508,0.0312067324496608,0.0280637273104245
"1057",2014,1,20653822643.9968,0.000704230718105392,-0.0331031531849576
"1058",2014,2,19924255319.6806,0.0476892055416517,0.046527336214237
"1059",2014,3,20838959606.7171,0.000406146568832016,0.00440063155245858
"1060",2014,4,20894245836.1978,-0.0408745975574354,-0.00186825668756957
"1061",2014,5,20876852211.9508,0.00138353914917893,0.0206204180006369
"1062",2014,6,21227473811.0686,0.0481368478174699,0.0261168955592531
"1063",2014,7,21759144715.603,-0.0482026811477608,-0.0203743997841996
"1064",2014,8,21277230341.0859,0.0410722790945406,0.042310004414021
"1065",2014,9,22087710023.6087,-0.0465975380233361,-0.0196861533697241
"1066",2014,10,21610458590.3196,0.0281774829853259,0.0251687941538584
"1067",2014,11,22122889643.0188,-0.000873137208067941,0.025413810396253
"1068",2014,12,22589082652.0373,0.0187685691988045,-0.000576727223715267
"1069",2015,1,22587952748.0447,-0.0334021431614284,-0.0309817876842946
"1070",2015,2,21752056944.6357,0.0680770232836009,0.0612542174141741
"1071",2015,3,22968168865.1824,0.00177908298752724,-0.0111928722813339
"1072",2015,4,22565137894.7368,0.000662947607779552,0.00593715493755829
"1073",2015,5,22666903803.9253,0.011893156320327,0.0135751881006089
"1074",2015,6,22860064271.232,-0.00180812537340845,-0.0152889192152962
"1075",2015,7,22456620506.3348,-0.029877968620543,0.0152705304040795
"1076",2015,8,22784843206.1855,-0.0458960164905432,-0.0602138559695659
"1077",2015,9,21320572644.0243,-0.0578589961252071,-0.0307211731885288
"1078",2015,10,20597360784.2645,0.050395908592612,0.0773948919974664
"1079",2015,11,22095896481.8013,0.0249769545608942,0.00564629485977086
"1080",2015,12,22107789573.4989,-0.0454364792591602,-0.0215388052419596
"1081",2016,1,21560469781.2808,-0.0942753096032311,-0.0574235559155745
"1082",2016,2,20224669318.7278,0.00173039531763563,-0.000540304150571429
"1083",2016,3,20005911188.245,0.0833188437853661,0.0696955442015106
"1084",2016,4,21306711158.2507,0.0373712204785767,0.00921092455539801
"1085",2016,5,21432830649.3648,0.00560013043446585,0.0178190916866471
"1086",2016,6,21658782733.1521,-0.00368866067190123,-0.000266341133765369
"1087",2016,7,21601593842.8793,0.0578973648436221,0.0396337677298377
"1088",2016,8,22372173708.7513,0.0224323821124959,0.00514205907338013
"1089",2016,9,22403456427.715,0.0226791099131552,0.00272361539340232
"1090",2016,10,22340652304.3229,-0.0538032882142479,-0.0200383304081278
"1091",2016,11,21847060692.1935,0.0889037211450509,0.0486834322837446
"1092",2016,12,22812445234.3346,0.0192561909392388,0.0183681372678566
"1093",2017,1,23163111659.8563,0.0170428571823204,0.0196923032519685
"1094",2017,2,23565652484.89,0.0182981838985635,0.0359564412852357
"1095",2017,3,24295131278.6319,0.00625962881065982,0.00202014412626155
"1096",2017,4,24279918463.335,0.00174937451617778,0.01138848601833
"1097",2017,5,24531235254.9966,-0.021541352624097,0.0111840724123291
"1098",2017,6,24740544220.7271,0.0361782130386913,0.00840495849743926
"1099",2017,7,24834421452.7717,-0.000839589928057553,0.0193439015259701
"1100",2017,8,25150095642.7196,-0.0158715770042836,0.00254701339604804
"1101",2017,9,25152763877.2604,0.0717919967062472,0.0258800920827946
"1102",2017,10,25766354577.3816,0.000660505320078426,0.0233170442666963
"1103",2017,11,26294452056.7183,0.034050894774659,0.0319950113064931
"1104",2017,12,27048553175.6245,0.0124336824512535,0.0114310679315275
